filename,label
videos/train/QCeOSKX0uco.mp4,tap dancing
videos/train/2v0n_-nJPls.mp4,tap dancing
videos/train/Hq0zh3EnRgI.mp4,tap dancing
videos/train/dRnULd8nBHY.mp4,tap dancing
videos/train/t8_DjIMI3xw.mp4,tap dancing
videos/train/DDtIewsVPiQ.mp4,tap dancing
videos/train/GhpDP7vZ97s.mp4,tap dancing
videos/train/iG5ug4Z6pfw.mp4,tap dancing
videos/train/J69JO9ai5ps.mp4,tap dancing
videos/train/g0pE-xArU2I.mp4,tap dancing
videos/train/4ZroJZvnrLY.mp4,tap dancing
videos/train/FuauLgu7b54.mp4,tap dancing
videos/train/LeG4SaUTU3k.mp4,tap dancing
videos/train/kUpb9xe8wG0.mp4,tap dancing
videos/train/cfzs_ziuHvE.mp4,tap dancing
videos/train/3TCo2r0XvMg.mp4,tap dancing
videos/train/TGUk7M5plmA.mp4,tap dancing
videos/train/K4c5MTOjMKU.mp4,tap dancing
videos/train/me6HUXsftQg.mp4,tap dancing
videos/train/RC0e09GGT4g.mp4,tap dancing
videos/train/0TBzhlvgiJE.mp4,tap dancing
videos/train/WhqmGTZqbp4.mp4,tap dancing
videos/train/C9gOhhsZGfM.mp4,tap dancing
videos/train/4XVk-fD0MCQ.mp4,tap dancing
videos/train/A6G1grCirck.mp4,tap dancing
videos/train/QE6ZhlfT_84.mp4,tap dancing
videos/train/MlU4XRAgSx8.mp4,tap dancing
videos/train/-BH7z1yUQQE.mp4,tap dancing
videos/train/AgWxUipUYjA.mp4,tap dancing
videos/train/T1T4sDyoe-U.mp4,tap dancing
videos/train/ecZmeyXLlYY.mp4,tap dancing
videos/train/H10EZphKG7w.mp4,tap dancing
videos/train/p4QYM9mzNj4.mp4,tap dancing
videos/train/LLBra1H9QDw.mp4,tap dancing
videos/train/saI_UF8JdW4.mp4,tap dancing
videos/train/1W0UMeQUbV0.mp4,tap dancing
videos/train/4VHkAU-xlF4.mp4,tap dancing
videos/train/hpRqaYi59b4.mp4,tap dancing
videos/train/7h3smx8NfTg.mp4,tap dancing
videos/train/GA8v4yZ6fdc.mp4,tap dancing
videos/train/15CFahW4OMc.mp4,tap dancing
videos/train/bazQOzpiwGU.mp4,tap dancing
videos/train/_CP3t6SoiDw.mp4,tap dancing
videos/train/YwTc0dglLC4.mp4,tap dancing
videos/train/KlHa5MJXJmM.mp4,tap dancing
videos/train/hBhPWthdM-E.mp4,tap dancing
videos/train/mGHzUUESHyY.mp4,tap dancing
videos/train/2YnmRDZ_OK4.mp4,tap dancing
videos/train/7aU8t6mhvm0.mp4,tap dancing
videos/train/AzkLlcoieF8.mp4,tap dancing
videos/train/Q2IcQgQh3nI.mp4,tap dancing
videos/train/KwvMol8NsZQ.mp4,tap dancing
videos/train/FjaVL5_bjyc.mp4,tap dancing
videos/train/kVqAAM51IAg.mp4,tap dancing
videos/train/D-xdLFhZRak.mp4,tap dancing
videos/train/bsOLwhr5ZZA.mp4,tap dancing
videos/train/4EDP5HIZ-qQ.mp4,tap dancing
videos/train/C2ZrTcbF1gw.mp4,tap dancing
videos/train/D8mhkrIQNaM.mp4,tap dancing
videos/train/-OPuI0ngwqI.mp4,tap dancing
videos/train/DhOPBfBR1_0.mp4,tap dancing
videos/train/YbdbaA7H8xU.mp4,tap dancing
videos/train/cIqPXaEcLoQ.mp4,tap dancing
videos/train/GNpQr4iyJlw.mp4,tap dancing
videos/train/6X4N6DjpG9w.mp4,tap dancing
videos/train/RdcZmQlC33I.mp4,tap dancing
videos/train/q8sMeClSCBw.mp4,tap dancing
videos/train/gDutd27GbwA.mp4,tap dancing
videos/train/9pfP8r1ZcWU.mp4,tap dancing
videos/train/ZfgKebATAnU.mp4,tap dancing
videos/train/IODt716nwo8.mp4,tap dancing
videos/train/RF3oaTZmwFo.mp4,tap dancing
videos/train/g0R-8wJ_j28.mp4,tap dancing
videos/train/g0qiGTFhlwY.mp4,tap dancing
videos/train/w4iSDvhKhkg.mp4,tap dancing
videos/train/tZB-4fd2yUs.mp4,tap dancing
videos/train/bI-JUJ0dTfA.mp4,tap dancing
videos/train/uGvIxp565VE.mp4,tap dancing
videos/train/7X9inwquOAk.mp4,tap dancing
videos/train/C81SpzlzOfQ.mp4,tap dancing
videos/train/q0wIVrBfkgs.mp4,tap dancing
videos/train/0-3yl2_Myso.mp4,tap dancing
videos/train/bUh7SyHN1f4.mp4,tap dancing
videos/train/5A94SYsP_5c.mp4,tap dancing
videos/train/Y5TswATeQX8.mp4,tap dancing
videos/train/zxVKdJbyFus.mp4,tap dancing
videos/train/hEY5gn9A16U.mp4,tap dancing
videos/train/Ic9sbpGnNbA.mp4,tap dancing
videos/train/YAqOGL8p4is.mp4,tap dancing
videos/train/2Fi0LWv3T_g.mp4,tap dancing
videos/train/LEDO-HpCUoA.mp4,tap dancing
videos/train/i4D45IdJtJA.mp4,tap dancing
videos/train/t24vcr55kyY.mp4,tap dancing
videos/train/8FskwQ8aLmM.mp4,breakdancing
videos/train/vE5pXxbm9n8.mp4,breakdancing
videos/train/8rewS70i35Q.mp4,breakdancing
videos/train/j9mwLtTQDoY.mp4,breakdancing
videos/train/Mhe-RMJHl6I.mp4,breakdancing
videos/train/KJM2Kzfh4a4.mp4,breakdancing
videos/train/sq0_XgFec1Y.mp4,breakdancing
videos/train/b9x2jleB1Rw.mp4,breakdancing
videos/train/t2ZUaFsyBuU.mp4,breakdancing
videos/train/K3BI-kK1XRE.mp4,breakdancing
videos/train/6-nb9jJi_Vo.mp4,breakdancing
videos/train/69QND76brk0.mp4,breakdancing
videos/train/cqcrTtevXgs.mp4,breakdancing
videos/train/znicy3GdQrY.mp4,breakdancing
videos/train/VEp6v6gcj4M.mp4,breakdancing
videos/train/6adKBbLYH1g.mp4,breakdancing
videos/train/IOM6pr7T2wo.mp4,breakdancing
videos/train/rfAcHQ5ncyg.mp4,breakdancing
videos/train/0kJZJjRXzd0.mp4,breakdancing
videos/train/Hb9sc9G18xA.mp4,breakdancing
videos/train/GbHI5gEXArI.mp4,breakdancing
videos/train/IoFrHzxeCdg.mp4,breakdancing
videos/train/0EkwOZ7nesY.mp4,breakdancing
videos/train/k6SjF3AYzIQ.mp4,breakdancing
videos/train/u0A5NIUKEQo.mp4,breakdancing
videos/train/EKQhnpRk3hk.mp4,breakdancing
videos/train/xl_xINyEomY.mp4,breakdancing
videos/train/5P865szFsdI.mp4,breakdancing
videos/train/v4MQzBWJy8Y.mp4,breakdancing
videos/train/1YbLsCfZh6o.mp4,breakdancing
videos/train/RDPlvAMJw_k.mp4,breakdancing
videos/train/H9b6gjv55ho.mp4,breakdancing
videos/train/kcLsYzNQNwI.mp4,breakdancing
videos/train/IO4T56_7gJQ.mp4,breakdancing
videos/train/YDMcw3Oqp4k.mp4,breakdancing
videos/train/s5ivniCe414.mp4,breakdancing
videos/train/7aqtLLcA5zI.mp4,breakdancing
videos/train/bj0mj9F4c0I.mp4,breakdancing
videos/train/U0G0Ywo5zMU.mp4,breakdancing
videos/train/JpiFaz3xtls.mp4,breakdancing
videos/train/6fnoz0ypFgQ.mp4,breakdancing
videos/train/RIF-qnnnQ2Q.mp4,breakdancing
videos/train/6zmSIML9Mcg.mp4,breakdancing
videos/train/L-srUgJJtkE.mp4,breakdancing
videos/train/vpWkTE9AbAE.mp4,breakdancing
videos/train/jEGas5GW13I.mp4,breakdancing
videos/train/TsGWRcZjuAk.mp4,breakdancing
videos/train/2hjQTV9MwWM.mp4,breakdancing
videos/train/yAHyVJvnIJE.mp4,breakdancing
videos/train/g295aUkbHrY.mp4,breakdancing
videos/train/c4Fu5oCTT64.mp4,breakdancing
videos/train/gwIXYDhxqZU.mp4,breakdancing
videos/train/0gfzQHaD4zk.mp4,breakdancing
videos/train/CHPkOcIRlKY.mp4,breakdancing
videos/train/zane0qWhx5c.mp4,breakdancing
videos/train/7pFsFi7tN1g.mp4,breakdancing
videos/train/IQZ-UlfiQdw.mp4,breakdancing
videos/train/VssbCZBBw2A.mp4,breakdancing
videos/train/CcGleMAeryE.mp4,breakdancing
videos/train/gsrgQWls9DE.mp4,breakdancing
videos/train/Q5j8j_dw11o.mp4,breakdancing
videos/train/Z7Qtept0n7k.mp4,breakdancing
videos/train/Ca1qBsLZ6NU.mp4,breakdancing
videos/train/H8_nYneOD70.mp4,breakdancing
videos/train/l0ljAM5ZoEM.mp4,breakdancing
videos/train/SvaIFLt0sss.mp4,breakdancing
videos/train/EAL_l9_Q6CE.mp4,breakdancing
videos/train/DmNPLeLgNqY.mp4,breakdancing
videos/train/IARipykBC3E.mp4,breakdancing
videos/train/3qBBY3UF_1g.mp4,breakdancing
videos/train/E4ILvtN3aB4.mp4,breakdancing
videos/train/cQbTCH539rA.mp4,breakdancing
videos/train/FWjpWgkynU0.mp4,breakdancing
videos/train/5eHBDkwriCI.mp4,breakdancing
videos/train/Cx6gmP0UZ6Q.mp4,breakdancing
videos/train/E4-aEevRehk.mp4,breakdancing
videos/train/X1z8wxTJnlo.mp4,breakdancing
videos/train/l1niN6sx_mM.mp4,breakdancing
videos/train/7R7DqL_P6pY.mp4,breakdancing
videos/train/iRblXWDmvj4.mp4,breakdancing
videos/train/6qiVIq_Fgpo.mp4,breakdancing
videos/train/erz1Bmhct_0.mp4,breakdancing
videos/train/ip08dHBEJKQ.mp4,breakdancing
videos/train/M_P_unPTrdQ.mp4,breakdancing
videos/train/aZvb7npucYs.mp4,breakdancing
videos/train/i5_kPpIK4NM.mp4,breakdancing
videos/train/fipOKUzPw9A.mp4,breakdancing
videos/train/0GJDwzYw7wo.mp4,belly dancing
videos/train/t5h7F8mwKl4.mp4,belly dancing
videos/train/uCizVblk2oI.mp4,belly dancing
videos/train/NbQuKUbyC4I.mp4,belly dancing
videos/train/WVnBMiw9eC8.mp4,belly dancing
videos/train/QK0fwOz4x8o.mp4,belly dancing
videos/train/xxpLAufVGOA.mp4,belly dancing
videos/train/5lEH8NrKKso.mp4,belly dancing
videos/train/_OBj5wRkwew.mp4,belly dancing
videos/train/0BeuFmkW5as.mp4,belly dancing
videos/train/tqR7FzEb3VE.mp4,belly dancing
videos/train/HbbPhMAYfrQ.mp4,belly dancing
videos/train/I5i6wbqjOkc.mp4,belly dancing
videos/train/mqwA_RgA3e8.mp4,belly dancing
videos/train/lRTNYmJnTYU.mp4,belly dancing
videos/train/24UcgOLD9N8.mp4,belly dancing
videos/train/abz-e6Xki4Y.mp4,belly dancing
videos/train/YE-PPxh7LB8.mp4,belly dancing
videos/train/ziBF_eKkw2k.mp4,belly dancing
videos/train/BcJgG0XnO-E.mp4,belly dancing
videos/train/4T2B__tQbsE.mp4,belly dancing
videos/train/ZOI0iH6v1zQ.mp4,belly dancing
videos/train/NMQ4qSwH6SI.mp4,belly dancing
videos/train/UyRWY2JNuho.mp4,belly dancing
videos/train/CiJnRq7J_-g.mp4,belly dancing
videos/train/4w9ATiV8ZRM.mp4,belly dancing
videos/train/MaCRVkSCcgc.mp4,belly dancing
videos/train/P9mOEmlCEXY.mp4,belly dancing
videos/train/NLhhoE7es8g.mp4,belly dancing
videos/train/HD6Lv0wHPHo.mp4,belly dancing
videos/train/RJq9lOHjxrs.mp4,belly dancing
videos/train/GWgRXpDPu4I.mp4,belly dancing
videos/train/U8CProtJfG4.mp4,belly dancing
videos/train/n6jfpP99W_Q.mp4,belly dancing
videos/train/PyIXO-nDJFU.mp4,belly dancing
videos/train/g59gWtc3Jis.mp4,belly dancing
videos/train/ENLWDkFWDEA.mp4,belly dancing
videos/train/92TfRJWCxPs.mp4,belly dancing
videos/train/rkwb3eGrM08.mp4,belly dancing
videos/train/fsyrR2X5LyU.mp4,belly dancing
videos/train/rCEO1fRnrOk.mp4,belly dancing
videos/train/Z5OYGcQ3FMo.mp4,belly dancing
videos/train/i_C0a6mBdho.mp4,belly dancing
videos/train/-Jn0eYzs0HY.mp4,belly dancing
videos/train/GBuZilzPOIU.mp4,belly dancing
videos/train/ixlNSxDz5bY.mp4,belly dancing
videos/train/NJAIp24I9oQ.mp4,belly dancing
videos/train/fHreXo2NfVk.mp4,belly dancing
videos/train/s4cqp8_Fi_U.mp4,belly dancing
videos/train/hLm3EHr_jR0.mp4,belly dancing
videos/train/C9IPnKpMDys.mp4,belly dancing
videos/train/hs2yxtskl0I.mp4,belly dancing
videos/train/r7dgawc9cEE.mp4,belly dancing
videos/train/1AH_8mrtqnM.mp4,belly dancing
videos/train/Nb9NJjrY9ew.mp4,belly dancing
videos/train/t0x2ScRxaT8.mp4,belly dancing
videos/train/Ykkc9Rl5mf0.mp4,belly dancing
videos/train/yj_G3Mh0KCM.mp4,belly dancing
videos/train/dXrLBp5mWWM.mp4,belly dancing
videos/train/T2wX8wKglxM.mp4,belly dancing
videos/train/jBEclw6jlQc.mp4,belly dancing
videos/train/446LR2V-JH8.mp4,belly dancing
videos/train/QHOiekGKWjI.mp4,belly dancing
videos/train/fOkvL_AXwgY.mp4,belly dancing
videos/train/gPVIfFpxrHY.mp4,belly dancing
videos/train/Xo1fw7_FAa0.mp4,belly dancing
videos/train/aLrZ2Q1mzuU.mp4,belly dancing
videos/train/IQZtjgnjTno.mp4,belly dancing
videos/train/BKHTQ1G4224.mp4,belly dancing
videos/train/mlxenrCJ_wQ.mp4,belly dancing
videos/train/BWTYOGWww7A.mp4,belly dancing
videos/train/BF2KiCuYlcc.mp4,belly dancing
videos/train/jISaaJNapRM.mp4,belly dancing
videos/train/PqZeBh_2Jgw.mp4,belly dancing
videos/train/TJkEgis-UdM.mp4,belly dancing
videos/train/G_GIAWJzXgQ.mp4,belly dancing
videos/train/pUYln16PYJA.mp4,belly dancing
videos/train/qL-oAGbwo0w.mp4,belly dancing
videos/train/mUv1OF8v900.mp4,belly dancing
videos/train/C9v7Jh38V2I.mp4,belly dancing
videos/train/Af6Wp9N0DFg.mp4,belly dancing
videos/train/DS-77b9K4Sg.mp4,belly dancing
videos/train/ixZJ8Z_jIhc.mp4,belly dancing
videos/train/Vi4uFEpn5Ns.mp4,belly dancing
videos/train/XclIN4-wQmw.mp4,belly dancing
videos/train/lydjhveA36o.mp4,dancing charleston
videos/train/V2ew6pB_YWM.mp4,dancing charleston
videos/train/Tz7Lno8BqFc.mp4,dancing charleston
videos/train/jwKntbPovn0.mp4,dancing charleston
videos/train/xBxZ-1T7Xu8.mp4,dancing charleston
videos/train/TyXkClJzrUc.mp4,dancing charleston
videos/train/k4SXaPL2LaI.mp4,dancing charleston
videos/train/4gjxqVi8Pn0.mp4,dancing charleston
videos/train/MkHde4DoiNs.mp4,dancing charleston
videos/train/UTnUh6AG5Ls.mp4,dancing charleston
videos/train/OPa4YptuLZ8.mp4,dancing charleston
videos/train/d4K3CEnaOJE.mp4,dancing charleston
videos/train/PPLqXC8mhTk.mp4,dancing charleston
videos/train/4pEnTUWhNss.mp4,dancing charleston
videos/train/OgAP-Z2NOG4.mp4,dancing charleston
videos/train/ZSShBjM7mKI.mp4,dancing charleston
videos/train/BVDyfz_RdZo.mp4,dancing charleston
videos/train/IY_ZNgX55es.mp4,dancing charleston
videos/train/sq8iYo2kG2s.mp4,dancing charleston
videos/train/0PnCon45iYg.mp4,dancing charleston
videos/train/g-s7jxsEi0Y.mp4,dancing charleston
videos/train/Mclen7WkDPo.mp4,dancing charleston
videos/train/vFVfMkMR_Cg.mp4,dancing charleston
videos/train/HhFm7Vb07t4.mp4,dancing charleston
videos/train/xDpxmUtb0eg.mp4,dancing charleston
videos/train/OA3iWkNhqJw.mp4,dancing charleston
videos/train/wnKK8sG-97I.mp4,dancing charleston
videos/train/oE0x3iEclw4.mp4,dancing charleston
videos/train/_XmoMM34WCk.mp4,dancing charleston
videos/train/WqkQP5xyxBY.mp4,dancing charleston
videos/train/1k-L8Tq4HX4.mp4,dancing charleston
videos/train/8owleFUffSE.mp4,dancing charleston
videos/train/X1sKPsiqI8A.mp4,dancing charleston
videos/train/22urrEVHrTM.mp4,dancing charleston
videos/train/-Rpdgk9keZU.mp4,dancing charleston
videos/train/r08eyPeBDnk.mp4,dancing charleston
videos/train/YbQSw0akqaw.mp4,dancing charleston
videos/train/sIW0Pxo62dI.mp4,dancing charleston
videos/train/IVzLEVuBL64.mp4,dancing charleston
videos/train/2f_pV3Vcxmo.mp4,dancing charleston
videos/train/MPsXgOzyG0I.mp4,dancing charleston
videos/train/YjtQEJ2rsWQ.mp4,dancing charleston
videos/train/0uajuwVfMJE.mp4,dancing charleston
videos/train/Rj_4dveDWtc.mp4,dancing charleston
videos/train/Lk94uLAcHd8.mp4,dancing charleston
videos/train/Qbq6BOAFBw8.mp4,dancing charleston
videos/train/urTMkXPjL2Y.mp4,dancing charleston
videos/train/CXS1x34vUW4.mp4,dancing charleston
videos/train/AtsrO0O5fs8.mp4,dancing charleston
videos/train/jspuoIBVwsI.mp4,dancing charleston
videos/train/SC_iqQiCHfE.mp4,dancing charleston
videos/train/uYMuycNeTXg.mp4,dancing charleston
videos/train/Kv3GnsRgGl4.mp4,dancing charleston
videos/train/y_-8CNuh8QY.mp4,dancing charleston
videos/train/Ddyls-F5RDk.mp4,dancing charleston
videos/train/fVGkU-pLAJI.mp4,dancing charleston
videos/train/yiFLmAdAaVY.mp4,dancing charleston
videos/train/qDgitZ0oUoE.mp4,dancing charleston
videos/train/emt9fxqBoyk.mp4,dancing charleston
videos/train/Qt8wUI1BCKI.mp4,dancing charleston
videos/train/T3xOgi14mr0.mp4,dancing charleston
videos/train/4vs8qTuxHaE.mp4,dancing charleston
videos/train/4Ua8l-jhAC0.mp4,dancing charleston
videos/train/i1WvyPRfchE.mp4,dancing charleston
videos/train/wcvxmI85804.mp4,dancing charleston
videos/train/imqV8EixQpA.mp4,dancing charleston
videos/train/LzChFYj4gWk.mp4,dancing charleston
videos/train/rB3ByxinOpI.mp4,dancing charleston
videos/train/1E839z6wNFY.mp4,dancing charleston
videos/train/NLbXoFNHuos.mp4,dancing charleston
videos/train/-E8jrCQ3fhE.mp4,dancing charleston
videos/train/OIOnUeiYEws.mp4,dancing charleston
videos/train/CJxqHsKkXx8.mp4,dancing charleston
videos/train/wv6aehEq0Vc.mp4,dancing charleston
videos/train/8UNtIfLeg50.mp4,dancing charleston
videos/train/wjfM4OBQRaQ.mp4,dancing charleston
videos/train/Y_vJq3cTg-Q.mp4,dancing charleston
videos/train/J8xpij9PT7o.mp4,dancing charleston
videos/train/-pPJzusZmro.mp4,dancing charleston
videos/train/VcvnQ41wNGQ.mp4,dancing charleston
videos/train/MoUmGfLiamw.mp4,dancing charleston
videos/train/r9L41gpmAyE.mp4,dancing charleston
videos/train/QQR-YI15dnY.mp4,dancing charleston
videos/train/qfjE4CgzjQo.mp4,dancing charleston
videos/train/UANYQpAA768.mp4,dancing charleston
videos/train/p8BWY4gfEGc.mp4,dancing charleston
videos/train/2cFXds16YAY.mp4,dancing charleston
videos/train/0F-yMf2F_6A.mp4,dancing charleston
videos/train/U6StV5PQY_w.mp4,dancing ballet
videos/train/jZNpVxV5sjw.mp4,dancing ballet
videos/train/wpDVGZKH-5U.mp4,dancing ballet
videos/train/S7vIaot8QjI.mp4,dancing ballet
videos/train/IIQl0T_s1YY.mp4,dancing ballet
videos/train/qdBQF41I0Ck.mp4,dancing ballet
videos/train/M1-2KsdHWFc.mp4,dancing ballet
videos/train/STWvtsOrjRY.mp4,dancing ballet
videos/train/0owoOHazQvU.mp4,dancing ballet
videos/train/mcDwFpLPXzw.mp4,dancing ballet
videos/train/F9F2YKb-m-c.mp4,dancing ballet
videos/train/ZddDGO9EBGs.mp4,dancing ballet
videos/train/2id-Jg5RjEE.mp4,dancing ballet
videos/train/60SOu-3KrfY.mp4,dancing ballet
videos/train/FY4Y1gTO9HE.mp4,dancing ballet
videos/train/v7hA4i1n40U.mp4,dancing ballet
videos/train/KihJBKxg3Z4.mp4,dancing ballet
videos/train/BHs4qwtiiBw.mp4,dancing ballet
videos/train/2sMhBAswJvE.mp4,dancing ballet
videos/train/ezngImN3D5A.mp4,dancing ballet
videos/train/yM2Igr1hiEQ.mp4,dancing ballet
videos/train/30yMANnkLQo.mp4,dancing ballet
videos/train/pCUgaQb326w.mp4,dancing ballet
videos/train/F7lgQGIkgC8.mp4,dancing ballet
videos/train/eU7RGooUXWA.mp4,dancing ballet
videos/train/wVSE2E1aVZ8.mp4,dancing ballet
videos/train/FHSmgOYbHRs.mp4,dancing ballet
videos/train/AChldN5F28g.mp4,dancing ballet
videos/train/sTZ-Qqbj45s.mp4,dancing ballet
videos/train/1jNw6TUXpqQ.mp4,dancing ballet
videos/train/rxcoW8MHBGY.mp4,dancing ballet
videos/train/V-6N3qQvtEQ.mp4,dancing ballet
videos/train/la7at6o3Qmk.mp4,dancing ballet
videos/train/L_JMRqh98Ec.mp4,dancing ballet
videos/train/XGYx4HmoMak.mp4,dancing ballet
videos/train/wh2pUuhAroA.mp4,dancing ballet
videos/train/WwkM87op_WI.mp4,dancing ballet
videos/train/c-smeUyHZnI.mp4,dancing ballet
videos/train/oPKdksXpytI.mp4,dancing ballet
videos/train/OWl2QwcmHRg.mp4,dancing ballet
videos/train/c4ie5tCGOj4.mp4,dancing ballet
videos/train/CxO57kYqK3Y.mp4,dancing ballet
videos/train/Iu0VYaR00jA.mp4,dancing ballet
videos/train/4_5-vfKMW7s.mp4,dancing ballet
videos/train/m8KuIr2SRfQ.mp4,dancing ballet
videos/train/cimPX4PDKUE.mp4,dancing ballet
videos/train/9Cb7qRMNsg8.mp4,dancing ballet
videos/train/8CmX25bswfI.mp4,dancing ballet
videos/train/RdYdw7Lng6Q.mp4,dancing ballet
videos/train/9xbtZiZXlYM.mp4,dancing ballet
videos/train/uyrlMscJbOY.mp4,dancing ballet
videos/train/hVrpLPmrkXc.mp4,dancing ballet
videos/train/z8-gfoNffQs.mp4,dancing ballet
videos/train/LEuv7brdsdk.mp4,dancing ballet
videos/train/vnP88__3BXU.mp4,dancing ballet
videos/train/UsKkosq22ok.mp4,dancing ballet
videos/train/WEQzJy2Fsxo.mp4,dancing ballet
videos/train/7LV6UIaa2gA.mp4,dancing ballet
videos/train/86mn7btsWLA.mp4,dancing ballet
videos/train/YaHNXBAjbEg.mp4,dancing ballet
videos/train/Vigts2RGNi0.mp4,dancing ballet
videos/train/vWoOFBfLjBM.mp4,dancing ballet
videos/train/8qXbV0mtWf8.mp4,dancing ballet
videos/train/NtUOwB5TvXQ.mp4,dancing ballet
videos/train/9bzDXlvxWZ8.mp4,dancing ballet
videos/train/w0f87cSJCjA.mp4,dancing ballet
videos/train/CA-qzimZxqo.mp4,dancing ballet
videos/train/eEJ27HGGRa0.mp4,dancing ballet
videos/train/7pGJKmAMMHk.mp4,dancing ballet
videos/train/XZwkOXtG4j0.mp4,dancing ballet
videos/train/KZqqB7yoVYw.mp4,dancing ballet
videos/train/E9ogX7suKIc.mp4,dancing ballet
videos/train/7l4w7HqIZ_w.mp4,dancing ballet
videos/train/v6dbVFq61U0.mp4,dancing ballet
videos/train/oHgW7QzJ38g.mp4,dancing ballet
videos/train/bLbHLoyuVMM.mp4,dancing ballet
videos/train/zqsDdWv33Ho.mp4,dancing ballet
videos/train/s_gY2x1Mitw.mp4,dancing ballet
videos/train/V4a2BagLVRY.mp4,dancing ballet
videos/train/mfQfDxMGIUI.mp4,dancing ballet
videos/train/9sEa2rbH7rg.mp4,dancing ballet
videos/train/53S9r49WvOQ.mp4,dancing ballet
videos/train/V0s7YT2qx1Q.mp4,dancing ballet
videos/train/pFMBguN0IOg.mp4,dancing ballet
videos/train/LzDojAXbs_M.mp4,dancing ballet
videos/train/qiKXnrVxBHU.mp4,square dancing
videos/train/5M_HTivkLLg.mp4,square dancing
videos/train/KbxT3KdVc_w.mp4,square dancing
videos/train/y0bdMZUwEWU.mp4,square dancing
videos/train/Lcw04RgojGg.mp4,square dancing
videos/train/J6foQvEJuTg.mp4,square dancing
videos/train/lE6vwxfmFZ0.mp4,square dancing
videos/train/t2gSRBG9BOc.mp4,square dancing
videos/train/-1TmA7jvoBQ.mp4,square dancing
videos/train/PDPTqnw0pxQ.mp4,square dancing
videos/train/ayJGM9CZJOw.mp4,square dancing
videos/train/l1KJ0b-UcTw.mp4,square dancing
videos/train/5Jd1bHtbSrY.mp4,square dancing
videos/train/FgYRspoeDQA.mp4,square dancing
videos/train/wGdwL0H9mjo.mp4,square dancing
videos/train/3KF8aGagMZc.mp4,square dancing
videos/train/VDKjqZGRMSo.mp4,square dancing
videos/train/Y0wSa3K7nPs.mp4,square dancing
videos/train/bQQBn-yNRAs.mp4,square dancing
videos/train/tBa8KEbw9sA.mp4,square dancing
videos/train/gfZXfIOmEuE.mp4,square dancing
videos/train/cdOqTC4coFs.mp4,square dancing
videos/train/BmlF6mR-INk.mp4,square dancing
videos/train/VDfj8RT3hc4.mp4,square dancing
videos/train/O-5Ycq2j1OI.mp4,square dancing
videos/train/r1iPWWhoYPg.mp4,square dancing
videos/train/kh2l9B8rCrI.mp4,square dancing
videos/train/Ot3D5mcY084.mp4,square dancing
videos/train/tHkqxITuB4g.mp4,square dancing
videos/train/QCSZCUi6KsQ.mp4,square dancing
videos/train/7anLCUj2whM.mp4,square dancing
videos/train/X0ygBDvo13U.mp4,square dancing
videos/train/XiqESANRId8.mp4,square dancing
videos/train/7qY3MkzhGks.mp4,square dancing
videos/train/MeN9Rb3Ad2Y.mp4,square dancing
videos/train/WotIrqMPLic.mp4,square dancing
videos/train/HEqkghdVOpI.mp4,square dancing
videos/train/596iUGGwAao.mp4,square dancing
videos/train/LMxGFVQMC6c.mp4,square dancing
videos/train/Pd9ZfXDtDtM.mp4,square dancing
videos/train/noNuXYhGSN4.mp4,square dancing
videos/train/lNVclGRgqfo.mp4,square dancing
videos/train/0pGWuTn95Ro.mp4,square dancing
videos/train/1RSY3XZvpiI.mp4,square dancing
videos/train/0wccIcgmDm8.mp4,square dancing
videos/train/xH0L8Jcir1A.mp4,square dancing
videos/train/CIyS9fJj1Ko.mp4,square dancing
videos/train/glO8q92ql74.mp4,square dancing
videos/train/nb7N48v0dzg.mp4,square dancing
videos/train/y5HvwAbOqm0.mp4,square dancing
videos/train/JcEpm94X2Js.mp4,square dancing
videos/train/eCRFAypRPSM.mp4,square dancing
videos/train/SX7ddkfnhng.mp4,square dancing
videos/train/Y6xoCtXpaYg.mp4,square dancing
videos/train/8jA8d7Bie5M.mp4,square dancing
videos/train/qDgQyfNxyUE.mp4,square dancing
videos/train/gJvlxYTQFrs.mp4,square dancing
videos/train/vGFbripuX9I.mp4,square dancing
videos/train/EfuVP57SIHo.mp4,square dancing
videos/train/zNiR1e2lmd0.mp4,square dancing
videos/train/sCny8W5U4SQ.mp4,square dancing
videos/train/rfpKuFPmWAE.mp4,square dancing
videos/train/poA_Q_0Ma0Y.mp4,square dancing
videos/train/c3kvyVMCjQI.mp4,square dancing
videos/train/MCUQubNjyVE.mp4,square dancing
videos/train/g43eLB8hM6I.mp4,square dancing
videos/train/ucpOxJOBJFk.mp4,square dancing
videos/train/zehkfiWV5KY.mp4,square dancing
videos/train/_Z6EFr85DB0.mp4,square dancing
videos/train/voyg7h2hGO8.mp4,square dancing
videos/train/_5y6PFTHyP4.mp4,square dancing
videos/train/YbGEgtV-yrY.mp4,square dancing
videos/train/lc3OGqnivJg.mp4,square dancing
videos/train/P0w6oYfymxQ.mp4,square dancing
videos/train/3zblWOox6nk.mp4,square dancing
videos/train/6UVWXQTZGDY.mp4,square dancing
videos/train/1no7xi4j0Lo.mp4,square dancing
videos/train/pj24s4q0q5c.mp4,square dancing
videos/train/9upRD_WQjRw.mp4,square dancing
videos/train/j28unnxiNh4.mp4,square dancing
videos/train/vrQWGm_ma6g.mp4,square dancing
videos/train/qm0SlTOBzGc.mp4,square dancing
videos/train/-EQiDEeiOBw.mp4,square dancing
videos/train/EIXgzZdqfYQ.mp4,square dancing
videos/train/i6rujfU3qBU.mp4,square dancing
videos/train/W2Sal6D_eu4.mp4,square dancing
videos/train/hJA2-hvXGRU.mp4,square dancing
videos/train/AnyOhaqH_ko.mp4,square dancing
videos/train/eHGBq6o5Xt0.mp4,jumpstyle dancing
videos/train/EV26p3soLiw.mp4,jumpstyle dancing
videos/train/OHelUzmaYaM.mp4,jumpstyle dancing
videos/train/pYfNgNn1SII.mp4,jumpstyle dancing
videos/train/3mIEXG0npRM.mp4,jumpstyle dancing
videos/train/ocJyp9rrzi8.mp4,jumpstyle dancing
videos/train/ZE918egoxIE.mp4,jumpstyle dancing
videos/train/E-yvLR_ZvkM.mp4,jumpstyle dancing
videos/train/g8_FORsdif8.mp4,jumpstyle dancing
videos/train/TCz8Fq6MdO8.mp4,jumpstyle dancing
videos/train/PV2gT_5CkGA.mp4,jumpstyle dancing
videos/train/mAQaOGOmf4k.mp4,jumpstyle dancing
videos/train/oaq_FeZXfM0.mp4,jumpstyle dancing
videos/train/1Y4QTXAe-Ow.mp4,jumpstyle dancing
videos/train/2T1ujEtcycM.mp4,jumpstyle dancing
videos/train/8bs3Sc1DRkY.mp4,jumpstyle dancing
videos/train/hgonUvL8Ips.mp4,jumpstyle dancing
videos/train/7y8fje7Vs3M.mp4,jumpstyle dancing
videos/train/V6fulyWBDxs.mp4,jumpstyle dancing
videos/train/UcFiWuiPxHA.mp4,jumpstyle dancing
videos/train/1jS6b6tduXs.mp4,jumpstyle dancing
videos/train/Lw0_dvGJCO4.mp4,jumpstyle dancing
videos/train/hTXlO8Y5X6c.mp4,jumpstyle dancing
videos/train/skhgT_u-TJM.mp4,jumpstyle dancing
videos/train/z3sbTcBFOl4.mp4,jumpstyle dancing
videos/train/q-xicVasWDQ.mp4,jumpstyle dancing
videos/train/UIMguJl2mB0.mp4,jumpstyle dancing
videos/train/i7A6SbRa42c.mp4,jumpstyle dancing
videos/train/oTQ_AL9zHjA.mp4,jumpstyle dancing
videos/train/54PZ0uA_QQ0.mp4,jumpstyle dancing
videos/train/Kaf-CJhmj4c.mp4,jumpstyle dancing
videos/train/DEBqt_LTviA.mp4,jumpstyle dancing
videos/train/rLuYnht8xmk.mp4,jumpstyle dancing
videos/train/z7A-_Yos0Xk.mp4,jumpstyle dancing
videos/train/s5s-UDaRtl8.mp4,jumpstyle dancing
videos/train/7lGODETDyBI.mp4,jumpstyle dancing
videos/train/0GloUfvb8z8.mp4,jumpstyle dancing
videos/train/P3uIVYd7tSw.mp4,jumpstyle dancing
videos/train/-iCkcQcXhl8.mp4,jumpstyle dancing
videos/train/MgQembIOtn4.mp4,jumpstyle dancing
videos/train/mlOcC10jlCA.mp4,jumpstyle dancing
videos/train/ayE3fp9bQio.mp4,jumpstyle dancing
videos/train/awDSfHgy5K8.mp4,jumpstyle dancing
videos/train/n-GZbcWahqo.mp4,jumpstyle dancing
videos/train/AMpDQoVXdF0.mp4,jumpstyle dancing
videos/train/1uQLbH1e0P0.mp4,jumpstyle dancing
videos/train/HYtathHqmZ0.mp4,jumpstyle dancing
videos/train/0fDT7w7ftiQ.mp4,jumpstyle dancing
videos/train/SfokjJ371HI.mp4,jumpstyle dancing
videos/train/GMwhuyPHSxs.mp4,jumpstyle dancing
videos/train/SDS33_V_CWc.mp4,jumpstyle dancing
videos/train/rvAdSLDjBjw.mp4,jumpstyle dancing
videos/train/2Cbyjv0gRPs.mp4,jumpstyle dancing
videos/train/ZANh2lj6LtY.mp4,jumpstyle dancing
videos/train/rIo8q0ZhI5g.mp4,jumpstyle dancing
videos/train/7schioItAuA.mp4,jumpstyle dancing
videos/train/BgfmR-rzRH4.mp4,jumpstyle dancing
videos/train/mGktuCpxi3o.mp4,jumpstyle dancing
videos/train/-iYoFfGfgkI.mp4,jumpstyle dancing
videos/train/jy88r6uQEi4.mp4,jumpstyle dancing
videos/train/TTi1vOMfGm0.mp4,jumpstyle dancing
videos/train/1ifxNTFlivc.mp4,jumpstyle dancing
videos/train/Jgq67nSrXH0.mp4,jumpstyle dancing
videos/train/Uf3GCS9DIsE.mp4,jumpstyle dancing
videos/train/q3P_9j6Bp3s.mp4,jumpstyle dancing
videos/train/OJ-MhdvR5EE.mp4,jumpstyle dancing
videos/train/600Nbdx9MhM.mp4,jumpstyle dancing
videos/train/5YJJ125_icQ.mp4,jumpstyle dancing
videos/train/HEx-zMgJMHk.mp4,jumpstyle dancing
videos/train/Z0Wf0Ckg_rw.mp4,jumpstyle dancing
videos/train/m3AwZlCglQ0.mp4,jumpstyle dancing
videos/train/SIXsDp2Djd8.mp4,jumpstyle dancing
videos/train/ez4d_0U6Q7w.mp4,jumpstyle dancing
videos/train/he3kdXsgX64.mp4,jumpstyle dancing
videos/train/ciCOZt9b3Xg.mp4,jumpstyle dancing
videos/train/gPRO1ug0zsI.mp4,jumpstyle dancing
videos/train/bc1sB_vwA6k.mp4,jumpstyle dancing
videos/train/uhc8NrnQU0M.mp4,jumpstyle dancing
videos/train/TGPqipe-n4w.mp4,jumpstyle dancing
videos/train/jdXXSdrfk9U.mp4,jumpstyle dancing
videos/train/m4_bLIt4nTE.mp4,jumpstyle dancing
videos/train/Op6NBpbWi74.mp4,jumpstyle dancing
videos/train/fRwAz-Vlk-k.mp4,jumpstyle dancing
videos/train/QAso9ki6KQ8.mp4,jumpstyle dancing
videos/train/U6m5M485qg8.mp4,jumpstyle dancing
videos/train/rypDpL8Mt4E.mp4,jumpstyle dancing
videos/train/gXePY8Lkiw4.mp4,jumpstyle dancing
videos/train/m-VjIyrrHmg.mp4,jumpstyle dancing
videos/train/Fd4etdbONto.mp4,salsa dancing
videos/train/1P8I9GW4c44.mp4,salsa dancing
videos/train/hsufNNU9nv4.mp4,salsa dancing
videos/train/_8V87rkPEZk.mp4,salsa dancing
videos/train/51cU5Sgs75w.mp4,salsa dancing
videos/train/m-skhD3jhfI.mp4,salsa dancing
videos/train/ztWA203wFKk.mp4,salsa dancing
videos/train/0KoJZg6jONE.mp4,salsa dancing
videos/train/A4ds5JvLgco.mp4,salsa dancing
videos/train/kbdzb176zCs.mp4,salsa dancing
videos/train/blJL0c-IE3w.mp4,salsa dancing
videos/train/dz4nTX39NHg.mp4,salsa dancing
videos/train/A-ICD7F4zX4.mp4,salsa dancing
videos/train/1hFbhQWMb5E.mp4,salsa dancing
videos/train/aoxYG6Oxey0.mp4,salsa dancing
videos/train/ma4Mz-uDmEI.mp4,salsa dancing
videos/train/LfVG3YEGIso.mp4,salsa dancing
videos/train/erQEQ8AKLKI.mp4,salsa dancing
videos/train/RLtOHZMs4ns.mp4,salsa dancing
videos/train/3HPlFsIPNPk.mp4,salsa dancing
videos/train/lNkGL7W6pas.mp4,salsa dancing
videos/train/iZYNRwSRiXc.mp4,salsa dancing
videos/train/1pOt6qdepZk.mp4,salsa dancing
videos/train/a6M-_wGdAnY.mp4,salsa dancing
videos/train/EcDOp6hWipY.mp4,salsa dancing
videos/train/0F57ZCIDLew.mp4,salsa dancing
videos/train/Cjhss8nVZTo.mp4,salsa dancing
videos/train/xpq9N6o8PGc.mp4,salsa dancing
videos/train/KwOxD1CRYFo.mp4,salsa dancing
videos/train/gKJciYgJJ4U.mp4,salsa dancing
videos/train/Hx8URFJ9UUQ.mp4,salsa dancing
videos/train/2KSPdfGBL78.mp4,salsa dancing
videos/train/D5yzrfD6oz8.mp4,salsa dancing
videos/train/bWH__6AgJI0.mp4,salsa dancing
videos/train/6LZmBI3uEao.mp4,salsa dancing
videos/train/ETSBag48HBA.mp4,salsa dancing
videos/train/4ukd5wW3-VQ.mp4,salsa dancing
videos/train/eqK9gnEV8Y8.mp4,salsa dancing
videos/train/MM02d-jJu5w.mp4,salsa dancing
videos/train/Fu4u7yrp368.mp4,salsa dancing
videos/train/eQfwAxatHns.mp4,salsa dancing
videos/train/chqSnrEc-ZI.mp4,salsa dancing
videos/train/mWQSxjherZY.mp4,salsa dancing
videos/train/lR6-ZkIOUno.mp4,salsa dancing
videos/train/3IYrbBu7Y_k.mp4,salsa dancing
videos/train/7p2BdBJKWkM.mp4,salsa dancing
videos/train/-lalLEEvhV8.mp4,salsa dancing
videos/train/N3MJpJxj1KU.mp4,salsa dancing
videos/train/ijl3bhzs6LI.mp4,salsa dancing
videos/train/lkBx_kL63GU.mp4,salsa dancing
videos/train/dTXvFkAr73k.mp4,salsa dancing
videos/train/hPol1aqrCZU.mp4,salsa dancing
videos/train/h0ld7AzMCic.mp4,salsa dancing
videos/train/UZWkZXb7mJY.mp4,salsa dancing
videos/train/auN1GzhXWNE.mp4,salsa dancing
videos/train/NnMt-dInBUQ.mp4,salsa dancing
videos/train/cfE5Ez_hahI.mp4,salsa dancing
videos/train/sDy38VM4JeI.mp4,salsa dancing
videos/train/9qT61Au4Fbk.mp4,salsa dancing
videos/train/lX35jPP7fOc.mp4,salsa dancing
videos/train/70NgUhNF0P4.mp4,salsa dancing
videos/train/HaTOLHz23h8.mp4,salsa dancing
videos/train/jhhyZ7bvmCk.mp4,salsa dancing
videos/train/hlsz7gDiP40.mp4,salsa dancing
videos/train/hR5awS9KuXI.mp4,salsa dancing
videos/train/rqAAJMQqK4Y.mp4,salsa dancing
videos/train/0j9QZ8LnfCs.mp4,salsa dancing
videos/train/iA62m8CpWuQ.mp4,salsa dancing
videos/train/VFOnFQPDHhw.mp4,salsa dancing
videos/train/BqePObcyVkk.mp4,salsa dancing
videos/train/3yVkA95UnNk.mp4,salsa dancing
videos/train/Hp34EP_VgGE.mp4,salsa dancing
videos/train/kr5ZUhLFD4o.mp4,salsa dancing
videos/train/h0LAm1NwZwc.mp4,salsa dancing
videos/train/IUjlsJfljrs.mp4,salsa dancing
videos/train/JYiFoWN0tNg.mp4,salsa dancing
videos/train/0eGzfxGUUH8.mp4,salsa dancing
videos/train/OKvfpVhoMSY.mp4,salsa dancing
videos/train/7P7TrdZa_oU.mp4,salsa dancing
videos/train/y-zmMHIMOls.mp4,salsa dancing
videos/train/P9YfavBv0HY.mp4,salsa dancing
videos/train/gzOy-6CWwhI.mp4,salsa dancing
videos/train/Nd1WEJw7wXw.mp4,robot dancing
videos/train/6hni1edOSjY.mp4,robot dancing
videos/train/Uxwrxs76dgg.mp4,robot dancing
videos/train/-u1syZ5fxSA.mp4,robot dancing
videos/train/v3Ifw23Svt4.mp4,robot dancing
videos/train/7wxCyqRgrMA.mp4,robot dancing
videos/train/Cx6XQIwOqyM.mp4,robot dancing
videos/train/j5qg2b114yY.mp4,robot dancing
videos/train/os5fZ6tnkSw.mp4,robot dancing
videos/train/n_kX5Hnkefw.mp4,robot dancing
videos/train/Q0S67cMNPXY.mp4,robot dancing
videos/train/QhvckaFLHlc.mp4,robot dancing
videos/train/L44OQKY60SQ.mp4,robot dancing
videos/train/U-U_Jb7p4vU.mp4,robot dancing
videos/train/RJzE07AnR1M.mp4,robot dancing
videos/train/0B96-Ai9jeI.mp4,robot dancing
videos/train/yYY0rzrJ7Po.mp4,robot dancing
videos/train/0i8-WQwo9AU.mp4,robot dancing
videos/train/_J6N0YCLjtU.mp4,robot dancing
videos/train/swSqjtxpoA4.mp4,robot dancing
videos/train/mNT7yJQXOAo.mp4,robot dancing
videos/train/WePs7jQdRTg.mp4,robot dancing
videos/train/bJTfrAmxPcA.mp4,robot dancing
videos/train/gK9WCkvr8o4.mp4,robot dancing
videos/train/Y4NA9pmmGpQ.mp4,robot dancing
videos/train/sb2f0HL2hOg.mp4,robot dancing
videos/train/ydfPxjP3orA.mp4,robot dancing
videos/train/zfolz6jqKMY.mp4,robot dancing
videos/train/g1-gYRMktV8.mp4,robot dancing
videos/train/0f6XKv4_ihY.mp4,robot dancing
videos/train/PfA9Lmh1mYA.mp4,robot dancing
videos/train/7Mu3gZYM9ws.mp4,robot dancing
videos/train/fGXlrlZvyJg.mp4,robot dancing
videos/train/yz3BKTu25QU.mp4,robot dancing
videos/train/wbwyjN9ZRRA.mp4,robot dancing
videos/train/rE9XEvUPtAs.mp4,robot dancing
videos/train/hhVuYzHk_Xs.mp4,robot dancing
videos/train/-FJ4MNnJu3k.mp4,robot dancing
videos/train/wnRWduffk6Q.mp4,robot dancing
videos/train/VTKx7wvSesI.mp4,robot dancing
videos/train/f8CwyQdRb1k.mp4,robot dancing
videos/train/YaIhgPOcaoM.mp4,robot dancing
videos/train/NdIfyRdwWXQ.mp4,robot dancing
videos/train/w21qRVcnvCE.mp4,robot dancing
videos/train/XvOWm7THEN4.mp4,robot dancing
videos/train/AxEEXP4Jxu8.mp4,robot dancing
videos/train/CfpwjjurA4s.mp4,robot dancing
videos/train/O5nxSH30x2o.mp4,robot dancing
videos/train/0oeYbitjqgw.mp4,robot dancing
videos/train/CX95p8YLJL4.mp4,robot dancing
videos/train/OOT_anQ-cA0.mp4,robot dancing
videos/train/pdHebpK0M-U.mp4,robot dancing
videos/train/kpjNi_S-A3U.mp4,robot dancing
videos/train/0ouWzBh8f7E.mp4,robot dancing
videos/train/PT9SH5zeH0c.mp4,robot dancing
videos/train/Nre7nTLbrYc.mp4,robot dancing
videos/train/JKh7wlvY3aM.mp4,robot dancing
videos/train/Z-KPAmS8OnY.mp4,robot dancing
videos/train/PZWwo632EWQ.mp4,robot dancing
videos/train/K0OeU1IUP-g.mp4,robot dancing
videos/train/7axhkvyiAEw.mp4,robot dancing
videos/train/Bt97gdTnSlU.mp4,robot dancing
videos/train/V1r0_-F1W98.mp4,robot dancing
videos/train/f-ECxqwMilQ.mp4,robot dancing
videos/train/fvxmant-3bY.mp4,robot dancing
videos/train/BFzApmjwv7Q.mp4,robot dancing
videos/train/ZXynTQo5QMQ.mp4,robot dancing
videos/train/RCzhRsLJKhQ.mp4,robot dancing
videos/train/WIiOinIgTMc.mp4,robot dancing
videos/train/Vx8iXj2iFNM.mp4,robot dancing
videos/train/GSdI9jmSfrU.mp4,robot dancing
videos/train/WXAloHqJHkY.mp4,robot dancing
videos/train/kYR5fN0JVFQ.mp4,robot dancing
videos/train/5dz4xi-alQs.mp4,robot dancing
videos/train/i-I5dtyJ8Zs.mp4,robot dancing
videos/train/znMDAms04Pg.mp4,robot dancing
videos/train/HczBuQYRn2E.mp4,robot dancing
videos/train/7Fbc8ezhaLc.mp4,robot dancing
videos/train/WrIy6430Jgs.mp4,robot dancing
videos/train/aOyfpJNWkEQ.mp4,robot dancing
videos/train/3HSzce6TjLc.mp4,robot dancing
videos/train/WVmo2kV9gVs.mp4,robot dancing
videos/train/-59dBjAyYyE.mp4,robot dancing
videos/train/Y7WmBPVRtUE.mp4,robot dancing
videos/train/J5Xi2g4atmU.mp4,country line dancing
videos/train/FO6Eoibjfqo.mp4,country line dancing
videos/train/4reh0qHf0W8.mp4,country line dancing
videos/train/RzhAnI2g09o.mp4,country line dancing
videos/train/xzGKzRwBXPM.mp4,country line dancing
videos/train/4eKTMe3lI4o.mp4,country line dancing
videos/train/P_uKSR8N2QI.mp4,country line dancing
videos/train/h3UebW-oHR8.mp4,country line dancing
videos/train/C3vGmWttH74.mp4,country line dancing
videos/train/t8SUxbCNaDM.mp4,country line dancing
videos/train/JbRrK56dIa4.mp4,country line dancing
videos/train/LX_BfFqv7DY.mp4,country line dancing
videos/train/mO4bWAG60qM.mp4,country line dancing
videos/train/rp-Sdh7bpNo.mp4,country line dancing
videos/train/JHZWG_1igQg.mp4,country line dancing
videos/train/oJtuAoi58ao.mp4,country line dancing
videos/train/DlVFwI4qhSU.mp4,country line dancing
videos/train/KRXlCO22LQo.mp4,country line dancing
videos/train/5y9yOnXkrNU.mp4,country line dancing
videos/train/DZJ0vklvIvM.mp4,country line dancing
videos/train/LFK3q1mMVNQ.mp4,country line dancing
videos/train/A2bDBD3ActA.mp4,country line dancing
videos/train/3r6aeEWlKCU.mp4,country line dancing
videos/train/cdWVsMu_RLc.mp4,country line dancing
videos/train/6dj_fvAZKnM.mp4,country line dancing
videos/train/JEOQbH7R1E8.mp4,country line dancing
videos/train/rImmua-8eUw.mp4,country line dancing
videos/train/SdCtGxJTiAs.mp4,country line dancing
videos/train/g5Jk1R81MVU.mp4,country line dancing
videos/train/LLdTmqYcd0s.mp4,country line dancing
videos/train/T_DX0kLu9Yo.mp4,country line dancing
videos/train/G1OyZeDNJd4.mp4,country line dancing
videos/train/44JB50nrby4.mp4,country line dancing
videos/train/gpJOd48vzsQ.mp4,country line dancing
videos/train/gDzoDQYkhB4.mp4,country line dancing
videos/train/7vttC8Iwyfo.mp4,country line dancing
videos/train/7EGsGlmZp90.mp4,country line dancing
videos/train/PnpzUKyzWmo.mp4,country line dancing
videos/train/gwGNl7nsZc8.mp4,country line dancing
videos/train/Cofld8mSjdA.mp4,country line dancing
videos/train/i1o5xkG8UXY.mp4,country line dancing
videos/train/tVpp5JW8uIo.mp4,country line dancing
videos/train/wjzkO3H_AUc.mp4,country line dancing
videos/train/b4l3QxC27aw.mp4,country line dancing
videos/train/ucjCwM6CwdU.mp4,country line dancing
videos/train/dJ_PaByBi1w.mp4,country line dancing
videos/train/3kt5hPMLdPk.mp4,country line dancing
videos/train/DkTGkOP2TNE.mp4,country line dancing
videos/train/rCKEtrSqo0s.mp4,country line dancing
videos/train/bJPo0o9ggyA.mp4,country line dancing
videos/train/jjALS_5A4i0.mp4,country line dancing
videos/train/kBEr3rPHqp8.mp4,country line dancing
videos/train/ngRPeKnMyxY.mp4,country line dancing
videos/train/XyB_4JTmPW0.mp4,country line dancing
videos/train/L3n-cZsNaCQ.mp4,country line dancing
videos/train/onmenU8-c9c.mp4,country line dancing
videos/train/8zvayVxa9SU.mp4,country line dancing
videos/train/BTY65IPM9jQ.mp4,country line dancing
videos/train/Ee97mmWG-VE.mp4,country line dancing
videos/train/U5FRUuKadOw.mp4,country line dancing
videos/train/QStqo4_rqQU.mp4,country line dancing
videos/train/2ruRxObUzHc.mp4,country line dancing
videos/train/NLNObsccsP8.mp4,country line dancing
videos/train/PcjS-bmflQo.mp4,country line dancing
videos/train/KQT-atXmFxs.mp4,country line dancing
videos/train/LTbZV-VUbps.mp4,country line dancing
videos/train/WdZ2YGlLbMc.mp4,country line dancing
videos/train/tbI1GLt-TGY.mp4,country line dancing
videos/train/_pTshGENNOE.mp4,country line dancing
videos/train/nbe59_Tw-ik.mp4,country line dancing
videos/train/YmAuvNaSRbU.mp4,country line dancing
videos/train/0fVrUF32Dgk.mp4,country line dancing
videos/train/H0iu2857_PM.mp4,country line dancing
videos/train/vxpCm6h9rD8.mp4,country line dancing
videos/train/3-CpHwQdV0k.mp4,country line dancing
videos/train/UvVC1iFUgnU.mp4,country line dancing
videos/train/INz4FxNRMxg.mp4,dancing macarena
videos/train/ib16W_odt1k.mp4,dancing macarena
videos/train/CFoChi8-7Ak.mp4,dancing macarena
videos/train/cmuEXj86vo4.mp4,dancing macarena
videos/train/qHSL4HOofpg.mp4,dancing macarena
videos/train/G5_9tlfrzQ8.mp4,dancing macarena
videos/train/6IvhVMn5TZg.mp4,dancing macarena
videos/train/LooT0wfHbxw.mp4,dancing macarena
videos/train/PqHngfQ0Akw.mp4,dancing macarena
videos/train/V-B4jZiarvo.mp4,dancing macarena
videos/train/ETU9ux8kF30.mp4,dancing macarena
videos/train/leaPq1kuf9o.mp4,dancing macarena
videos/train/d02VTSz1Hto.mp4,dancing macarena
videos/train/k5NLrESMHgc.mp4,dancing macarena
videos/train/fRK3_nyEi4U.mp4,dancing macarena
videos/train/Q5XCIEtI5lY.mp4,dancing macarena
videos/train/jBIJouwodF0.mp4,dancing macarena
videos/train/qorTqEi51qE.mp4,dancing macarena
videos/train/Fl1ajE4Xfpc.mp4,dancing macarena
videos/train/ac9TMmrEiKQ.mp4,dancing macarena
videos/train/nRB_6qETvSc.mp4,dancing macarena
videos/train/wmHxjqX--94.mp4,dancing macarena
videos/train/29bttEDFk1I.mp4,dancing macarena
videos/train/Fi2F__-WIUM.mp4,dancing macarena
videos/train/T1NP34kY8Ts.mp4,dancing macarena
videos/train/MbyTdIny10o.mp4,dancing macarena
videos/train/1RRMmfWyKFE.mp4,dancing macarena
videos/train/nCWbRIwh6IU.mp4,dancing macarena
videos/train/K4JzKWNR6Kw.mp4,dancing macarena
videos/train/HsQuHuZv0KM.mp4,dancing macarena
videos/train/haTOfTWvTcU.mp4,dancing macarena
videos/train/OG36un5DNNQ.mp4,dancing macarena
videos/train/e-4VWesLIOc.mp4,dancing macarena
videos/train/XCXC6iCtmsM.mp4,dancing macarena
videos/train/YSV55-Mq8IA.mp4,dancing macarena
videos/train/le67Vp330GU.mp4,dancing macarena
videos/train/GKmp4-9aMh4.mp4,dancing macarena
videos/train/ZGwhXRnMdAA.mp4,dancing macarena
videos/train/ofAZLvfwXD4.mp4,dancing macarena
videos/train/Qo231DaAMzo.mp4,dancing macarena
videos/train/C0Xp2ojP7V8.mp4,dancing macarena
videos/train/RBzwEZtA46A.mp4,dancing macarena
videos/train/26ombvbnKCE.mp4,dancing macarena
videos/train/dBLWtqk8KlQ.mp4,dancing macarena
videos/train/oBp2p3pf58I.mp4,dancing macarena
videos/train/R7akl6XxEDY.mp4,dancing macarena
videos/train/Mr2lYRG8A8g.mp4,dancing macarena
videos/train/We7zNEP16r4.mp4,dancing macarena
videos/train/X3GdqlDpVSE.mp4,dancing macarena
videos/train/gbecENhzmS8.mp4,dancing macarena
videos/train/A_C8BLgJL7w.mp4,dancing macarena
videos/train/C6mlCH4Mdr8.mp4,dancing macarena
videos/train/NuGXVragOBo.mp4,dancing macarena
videos/train/slhs9ouSMf0.mp4,dancing macarena
videos/train/hc9jddeBDeM.mp4,dancing macarena
videos/train/s-2P6phrhEc.mp4,dancing macarena
videos/train/UDxmCA3lg2I.mp4,dancing macarena
videos/train/O55YfighuXo.mp4,dancing macarena
videos/train/wF1Y-0BUrfc.mp4,dancing macarena
videos/train/3lcY1M7q-D8.mp4,dancing macarena
videos/train/p_4FBQnf6NI.mp4,dancing macarena
videos/train/pf-6g36uR_A.mp4,dancing macarena
videos/train/6WZu_nAmeHU.mp4,dancing macarena
videos/train/Kh8ZDIJ-mnY.mp4,dancing macarena
videos/train/ID3rxjYyLBg.mp4,dancing macarena
videos/train/l67F2zTTqNw.mp4,dancing macarena
videos/train/qGcDzTCSHTU.mp4,dancing macarena
videos/train/SdIWKQbdcZo.mp4,dancing macarena
videos/train/s29R-5qVumk.mp4,dancing macarena
videos/train/1KjypLf0Fcg.mp4,dancing macarena
videos/train/HU-kWhcCzyw.mp4,dancing macarena
videos/train/MU-7Io8mlX8.mp4,dancing macarena
videos/train/z7JEx70coQM.mp4,dancing macarena
videos/train/pDknL_QYXMk.mp4,dancing macarena
videos/train/NOjtvGpm5eE.mp4,dancing macarena
videos/train/SIHbu2ii9x8.mp4,dancing macarena
videos/train/BDM3cE03me8.mp4,dancing macarena
videos/train/qbJG9nQw-_g.mp4,dancing macarena
videos/train/5OzIDx9dctc.mp4,dancing macarena
videos/train/N882994dgPc.mp4,dancing macarena
videos/train/S1IBhxdrK8Y.mp4,dancing macarena
videos/train/QjAvIR3yASY.mp4,dancing macarena
videos/train/_GpeORlZiD4.mp4,dancing macarena
videos/train/8GvdUzkWIPU.mp4,mosh pit dancing
videos/train/3CKvIsaRppM.mp4,mosh pit dancing
videos/train/yef5r_T4TY8.mp4,mosh pit dancing
videos/train/1FekqE_kUEQ.mp4,mosh pit dancing
videos/train/AS_qiWiNgNI.mp4,mosh pit dancing
videos/train/TGdzUqpOHV0.mp4,mosh pit dancing
videos/train/Od9X7jej_aM.mp4,mosh pit dancing
videos/train/etgjcNCgPRY.mp4,mosh pit dancing
videos/train/Ryo8MobnHKA.mp4,mosh pit dancing
videos/train/zMatNDi5xrc.mp4,mosh pit dancing
videos/train/FasRBAGtmoU.mp4,mosh pit dancing
videos/train/x4g9gtZgVFs.mp4,mosh pit dancing
videos/train/iXUMc3JPWsg.mp4,mosh pit dancing
videos/train/lDOs0VUz03c.mp4,mosh pit dancing
videos/train/_wWhsbj7XmM.mp4,mosh pit dancing
videos/train/PkfyeKxWI80.mp4,mosh pit dancing
videos/train/pbP-aG2zpTs.mp4,mosh pit dancing
videos/train/aLI5T_-VZ0Q.mp4,mosh pit dancing
videos/train/xmL3M52_KqM.mp4,mosh pit dancing
videos/train/EsHbKg85jTQ.mp4,mosh pit dancing
videos/train/tSQ-AAHs1Ic.mp4,mosh pit dancing
videos/train/IM1N7F1DX08.mp4,mosh pit dancing
videos/train/02ff4iB-AxU.mp4,mosh pit dancing
videos/train/uTdD7ZedX1U.mp4,mosh pit dancing
videos/train/Q6wSyMT2kzQ.mp4,mosh pit dancing
videos/train/zpCAv9ui_Cg.mp4,mosh pit dancing
videos/train/u1UjHIU8nDo.mp4,mosh pit dancing
videos/train/sAlmZtaEg_g.mp4,mosh pit dancing
videos/train/kelfyJR3xks.mp4,mosh pit dancing
videos/train/Nga9LTu_Gk4.mp4,mosh pit dancing
videos/train/4Hp4f7JgUsA.mp4,mosh pit dancing
videos/train/Vqn9BFWJiJI.mp4,mosh pit dancing
videos/train/ZaQzUPx_rS8.mp4,mosh pit dancing
videos/train/XxfHqUamiUY.mp4,mosh pit dancing
videos/train/hb4UgKNvRaU.mp4,mosh pit dancing
videos/train/t0ZCzMLOuD8.mp4,mosh pit dancing
videos/train/J0r6xBr9EfY.mp4,mosh pit dancing
videos/train/PJhdBIiAKJw.mp4,mosh pit dancing
videos/train/1ua0EHTonwg.mp4,mosh pit dancing
videos/train/dEngTXSX9t8.mp4,mosh pit dancing
videos/train/ITk2gHAxsp8.mp4,mosh pit dancing
videos/train/wtTLOmN1fW8.mp4,mosh pit dancing
videos/train/VM2TED5TSMc.mp4,mosh pit dancing
videos/train/JyH2DDFGkAM.mp4,mosh pit dancing
videos/train/Cpodq6vQRNk.mp4,mosh pit dancing
videos/train/wAHZdmaLbk0.mp4,mosh pit dancing
videos/train/NlnFl4iPRV0.mp4,mosh pit dancing
videos/train/Ec97D52b8z0.mp4,mosh pit dancing
videos/train/4EuaXY1-2Ds.mp4,mosh pit dancing
videos/train/Y8cThEkB5MM.mp4,mosh pit dancing
videos/train/knsjBFq7Jus.mp4,mosh pit dancing
videos/train/faYHj-o8iwo.mp4,mosh pit dancing
videos/train/17jWUZLYi8g.mp4,mosh pit dancing
videos/train/ovsjDeJuD4A.mp4,mosh pit dancing
videos/train/75VaEVA14_4.mp4,mosh pit dancing
videos/train/cJOZDwZLiOQ.mp4,mosh pit dancing
videos/train/NtdxArZFV68.mp4,mosh pit dancing
videos/train/Nxu5GBzsQnI.mp4,mosh pit dancing
videos/train/-QLgWy2qB_E.mp4,mosh pit dancing
videos/train/nOA8eqMSYVw.mp4,mosh pit dancing
videos/train/PDlSeY2j4rU.mp4,mosh pit dancing
videos/train/pb14r_dTU0k.mp4,mosh pit dancing
videos/train/8YscXcbgf54.mp4,mosh pit dancing
videos/train/L28fu458gDg.mp4,mosh pit dancing
videos/train/EPNkl-7SsoU.mp4,mosh pit dancing
videos/train/DQm8YIC2D7E.mp4,mosh pit dancing
videos/train/ix3LNYKCLJU.mp4,mosh pit dancing
videos/train/EPUmLNLQ5Zk.mp4,mosh pit dancing
videos/train/OdQ32VhrF68.mp4,mosh pit dancing
videos/train/MHQZamhbqQU.mp4,mosh pit dancing
videos/train/3Cyw3IRoG8U.mp4,mosh pit dancing
videos/train/z8O0WUrPc3g.mp4,mosh pit dancing
videos/train/dwxIjDovx04.mp4,mosh pit dancing
videos/train/ekIYJlEFCk0.mp4,mosh pit dancing
videos/train/ZA3BMZAEkaw.mp4,mosh pit dancing
videos/train/Gqrtwj2QUqE.mp4,mosh pit dancing
videos/train/HZ_7shMMWvc.mp4,mosh pit dancing
videos/train/b_Z5tff72lA.mp4,mosh pit dancing
videos/train/FWMgMk0IgC4.mp4,mosh pit dancing
videos/train/FN4bzVdySAA.mp4,mosh pit dancing
videos/train/Qd1raob_-8c.mp4,mosh pit dancing
videos/train/iAwXwVTiwkk.mp4,mosh pit dancing
videos/train/2l3FTee3kvk.mp4,mosh pit dancing
videos/train/rdeYAti05Tw.mp4,mosh pit dancing
videos/train/oZ_uaXOUg5A.mp4,mosh pit dancing
videos/train/u_0QavcfuSo.mp4,mosh pit dancing
videos/train/wtaZlSS1hT0.mp4,mosh pit dancing
videos/train/0hUHagLRaCw.mp4,mosh pit dancing
videos/train/lAGCjy4iMZo.mp4,mosh pit dancing
videos/train/9JZQCMMAolo.mp4,dancing gangnam style
videos/train/G8os8GeaX2k.mp4,dancing gangnam style
videos/train/CfjcUFH7iPM.mp4,dancing gangnam style
videos/train/OqvpZbwxfxI.mp4,dancing gangnam style
videos/train/M_VK0W3kJSc.mp4,dancing gangnam style
videos/train/FeWblAy74U0.mp4,dancing gangnam style
videos/train/sw9rL3-1wBU.mp4,dancing gangnam style
videos/train/yGmFGSVggQc.mp4,dancing gangnam style
videos/train/8eHtKFdXxok.mp4,dancing gangnam style
videos/train/6Qv5aaPNZWw.mp4,dancing gangnam style
videos/train/NHnOr6NBcPM.mp4,dancing gangnam style
videos/train/Df6WmySrK0k.mp4,dancing gangnam style
videos/train/zI8qI_aeqZw.mp4,dancing gangnam style
videos/train/WwWD_fF3t1A.mp4,dancing gangnam style
videos/train/kGXT7p3ddzo.mp4,dancing gangnam style
videos/train/3Wel_i6WRDA.mp4,dancing gangnam style
videos/train/A2ETaXJsiZs.mp4,dancing gangnam style
videos/train/xG66Gp5n7Og.mp4,dancing gangnam style
videos/train/Fd5DDxq2D58.mp4,dancing gangnam style
videos/train/543_-AuxpyY.mp4,dancing gangnam style
videos/train/RKxJVt3ut_8.mp4,dancing gangnam style
videos/train/mCtiE196aCg.mp4,dancing gangnam style
videos/train/w1MmTn6a_M8.mp4,dancing gangnam style
videos/train/RGGQ92Kp71s.mp4,dancing gangnam style
videos/train/kfY5dQlkMfE.mp4,dancing gangnam style
videos/train/7b5nzCE-afE.mp4,dancing gangnam style
videos/train/xeWO9Bl9aWA.mp4,dancing gangnam style
videos/train/LWlWGmDBcJc.mp4,dancing gangnam style
videos/train/9Gvk1dkuDzw.mp4,dancing gangnam style
videos/train/dgCZtFfbslk.mp4,dancing gangnam style
videos/train/CV89K-iTL_8.mp4,dancing gangnam style
videos/train/CccQS2Q4GW8.mp4,dancing gangnam style
videos/train/1mx_AUudDM0.mp4,dancing gangnam style
videos/train/voXOLsbRvM8.mp4,dancing gangnam style
videos/train/K_JQ59V7wuY.mp4,dancing gangnam style
videos/train/WGy2nIdLJcE.mp4,dancing gangnam style
videos/train/V6Yo-zi56rs.mp4,dancing gangnam style
videos/train/Y-y80io1V8s.mp4,dancing gangnam style
videos/train/v8I3aKi9G3o.mp4,dancing gangnam style
videos/train/mBTlWgG8P_E.mp4,dancing gangnam style
videos/train/m49V3CYrLKs.mp4,dancing gangnam style
videos/train/SewvzyWCdxo.mp4,dancing gangnam style
videos/train/oD0O6x8Rhd8.mp4,dancing gangnam style
videos/train/7ZQpVeTUJt4.mp4,dancing gangnam style
videos/train/ZQoY00ccoRs.mp4,dancing gangnam style
videos/train/8p6iCjfCI_U.mp4,dancing gangnam style
videos/train/Jji5ruufBGk.mp4,dancing gangnam style
videos/train/8rtQbCf53aI.mp4,dancing gangnam style
videos/train/nUS-ACEtoWs.mp4,dancing gangnam style
videos/train/Xg2Y3Ha2DoU.mp4,dancing gangnam style
videos/train/LYU5XG2L1p8.mp4,dancing gangnam style
videos/train/4q-iqTghMms.mp4,dancing gangnam style
videos/train/hB2b2mZ2WYY.mp4,dancing gangnam style
videos/train/z-IdwOuPat0.mp4,dancing gangnam style
videos/train/VGNuHyaMqhg.mp4,dancing gangnam style
videos/train/xfWQ9eOIz-A.mp4,dancing gangnam style
videos/train/rWT6xs1Mqms.mp4,dancing gangnam style
videos/train/AMVYzMB2AUY.mp4,dancing gangnam style
videos/train/Ug7rf77LpIk.mp4,dancing gangnam style
videos/train/r-Jb9ofcmOw.mp4,dancing gangnam style
videos/train/itX184wQNss.mp4,dancing gangnam style
videos/train/F6Mc6-nCwFI.mp4,dancing gangnam style
videos/train/ukNZGwQ2To8.mp4,dancing gangnam style
videos/train/G7_dhzDUcQw.mp4,dancing gangnam style
videos/train/HbazTvBjMgw.mp4,dancing gangnam style
videos/train/xJAh-BFlBmo.mp4,dancing gangnam style
videos/train/RhU6MRxOE3M.mp4,dancing gangnam style
videos/train/QimlTYqC8Ks.mp4,dancing gangnam style
videos/train/1e9Qet0qudc.mp4,dancing gangnam style
videos/train/o5n49aPcSzA.mp4,dancing gangnam style
videos/train/wz8I8VOT9yM.mp4,dancing gangnam style
videos/train/Q25tdrP4JzU.mp4,dancing gangnam style
videos/train/-S7s8fqYspc.mp4,dancing gangnam style
videos/train/73dwYgSzFZU.mp4,dancing gangnam style
videos/train/bnzwLDlf3iY.mp4,dancing gangnam style
videos/train/x2yeuBDHW4U.mp4,dancing gangnam style
videos/train/UnbnOGGiaFE.mp4,dancing gangnam style
videos/train/wp8IFo2MAhs.mp4,dancing gangnam style
videos/train/-vfv-7yUabU.mp4,dancing gangnam style
videos/train/I2qDBDC4qi0.mp4,dancing gangnam style
videos/train/c437d0zhCM4.mp4,dancing gangnam style
videos/train/uYb5Jl1ZN24.mp4,dancing gangnam style
videos/train/yb9m35D3iXU.mp4,dancing gangnam style
videos/train/XxI1EeHFA7c.mp4,dancing gangnam style
videos/train/T2_fcBLk0cs.mp4,dancing gangnam style
videos/train/mN51T7xbct8.mp4,dancing gangnam style
videos/train/4Mdhd6ptZJc.mp4,swing dancing
videos/train/YOVKSrhwLpw.mp4,swing dancing
videos/train/Jl5Jtk93VkM.mp4,swing dancing
videos/train/vKp8A3IeR9w.mp4,swing dancing
videos/train/w-PfYRgTE7I.mp4,swing dancing
videos/train/xaHG8E7gvOU.mp4,swing dancing
videos/train/XTzu0zcnyLQ.mp4,swing dancing
videos/train/Lp8NflqnYZY.mp4,swing dancing
videos/train/-b4i0scwuiU.mp4,swing dancing
videos/train/sDo4o3ioD64.mp4,swing dancing
videos/train/qHwFH-z3rAU.mp4,swing dancing
videos/train/CFIliuhyRrk.mp4,swing dancing
videos/train/XPCgxxVMSIQ.mp4,swing dancing
videos/train/l-E9VkDW1Lk.mp4,swing dancing
videos/train/vK2VSFHemxs.mp4,swing dancing
videos/train/S03unvbuB6I.mp4,swing dancing
videos/train/rToyHx6Y8wg.mp4,swing dancing
videos/train/xfJdPVYR5n4.mp4,swing dancing
videos/train/W7el_Wx2_5o.mp4,swing dancing
videos/train/s3xoN8TWb5I.mp4,swing dancing
videos/train/vKbe5oTeflg.mp4,swing dancing
videos/train/m09yZMXtypQ.mp4,swing dancing
videos/train/tzpVeJodMSo.mp4,swing dancing
videos/train/RTX4BtNnhB4.mp4,swing dancing
videos/train/Cole3CffD1Y.mp4,swing dancing
videos/train/qaSnuUAaj1o.mp4,swing dancing
videos/train/UFMYVJoOCVE.mp4,swing dancing
videos/train/qdtTvBIrPW4.mp4,swing dancing
videos/train/YtOO9pkwhBo.mp4,swing dancing
videos/train/QtITLsAJ60k.mp4,swing dancing
videos/train/CncRVfUB5J8.mp4,swing dancing
videos/train/MNTbStdGxxk.mp4,swing dancing
videos/train/rJbRkniKdaQ.mp4,swing dancing
videos/train/Vx_5o6hbhLY.mp4,swing dancing
videos/train/WRPaeLHFUpU.mp4,swing dancing
videos/train/JeNv09zSqRY.mp4,swing dancing
videos/train/02y6zWWUHLo.mp4,swing dancing
videos/train/CLqgCwhUfoQ.mp4,swing dancing
videos/train/pcLgArVJQCs.mp4,swing dancing
videos/train/S60MWOy9F3Q.mp4,swing dancing
videos/train/L2j3197HyTc.mp4,swing dancing
videos/train/Bj9bjhu_4I8.mp4,swing dancing
videos/train/P34tSMF3Das.mp4,swing dancing
videos/train/FUgEVO7Gsu4.mp4,swing dancing
videos/train/ojCudgu3tUA.mp4,swing dancing
videos/train/p1VfXjORUOo.mp4,swing dancing
videos/train/DAtmKElQqdY.mp4,swing dancing
videos/train/Pf7tXbY22hA.mp4,swing dancing
videos/train/y2UDYTV8iwA.mp4,swing dancing
videos/train/pvktE87ZtM8.mp4,swing dancing
videos/train/JC4_ICxlEAQ.mp4,swing dancing
videos/train/oaiyTP9WK0Y.mp4,swing dancing
videos/train/R72fUbJzkbI.mp4,swing dancing
videos/train/4D2Awsv_Q_c.mp4,swing dancing
videos/train/9KDDUWdC0U8.mp4,swing dancing
videos/train/hEwFYIPkzE8.mp4,swing dancing
videos/train/Csm-UXB2PH0.mp4,swing dancing
videos/train/IAOoAbm0YKY.mp4,swing dancing
videos/train/jclaT1vxtV4.mp4,swing dancing
videos/train/UtyZd8tMXfs.mp4,swing dancing
videos/train/R_Afe_h1Z3w.mp4,swing dancing
videos/train/2UHgku8Me4k.mp4,swing dancing
videos/train/aH89khvtwzc.mp4,swing dancing
videos/train/eEn47DHuc-4.mp4,swing dancing
videos/train/GSyF2g-Tgf0.mp4,swing dancing
videos/train/o9ml4_yOHWo.mp4,swing dancing
videos/train/xZnygUE-ayY.mp4,swing dancing
videos/train/N6xrRUFCfKY.mp4,swing dancing
videos/train/AmrH8IeZtYY.mp4,swing dancing
videos/train/jMfed6tkfZE.mp4,swing dancing
videos/train/PHuLQoDajdI.mp4,swing dancing
videos/train/0fC8dt9jS-Q.mp4,swing dancing
videos/train/SQFGOeuyy2A.mp4,swing dancing
videos/train/SsbWz4zoMJQ.mp4,swing dancing
videos/train/y1nTRly-cl8.mp4,swing dancing
videos/train/ODgOfjtiDos.mp4,swing dancing
videos/train/SYeFakT_y-Y.mp4,swing dancing
videos/train/r2kKpVYTxKg.mp4,swing dancing
videos/train/WfMoFET47G8.mp4,swing dancing
videos/train/Y0-rguWi3SU.mp4,swing dancing
videos/train/m5m4nEHPp10.mp4,swing dancing
videos/train/Dt8zPyXycKo.mp4,swing dancing
videos/train/-rd5PEsfQPc.mp4,swing dancing
videos/train/M3vdemAESiw.mp4,swing dancing
videos/train/LmET0nWoZlE.mp4,tango dancing
videos/train/2CaJZxWBfVU.mp4,tango dancing
videos/train/CNNpLdhDkwU.mp4,tango dancing
videos/train/eT_NGF9SUMY.mp4,tango dancing
videos/train/PmF5VfLyvgo.mp4,tango dancing
videos/train/oWt_DIMoJIU.mp4,tango dancing
videos/train/dJcpdGqrmgg.mp4,tango dancing
videos/train/klaVdFWERis.mp4,tango dancing
videos/train/aIOmAvLyxpU.mp4,tango dancing
videos/train/7INeEzYy4Oc.mp4,tango dancing
videos/train/A7wyBQPh7CA.mp4,tango dancing
videos/train/mm6rmYzoPpk.mp4,tango dancing
videos/train/1BTUZDVQxqM.mp4,tango dancing
videos/train/sxCfGScIlAo.mp4,tango dancing
videos/train/pwKa5lPJTns.mp4,tango dancing
videos/train/OnfHOCqvk3E.mp4,tango dancing
videos/train/MWgsL68wqNI.mp4,tango dancing
videos/train/cu9MRqMxOKU.mp4,tango dancing
videos/train/0GrWihD18NI.mp4,tango dancing
videos/train/F4imXgtBjqY.mp4,tango dancing
videos/train/CpgvDaTVs0U.mp4,tango dancing
videos/train/ozFLCnDvRRE.mp4,tango dancing
videos/train/DL3TTBaSE4s.mp4,tango dancing
videos/train/Kurg1CwfsGo.mp4,tango dancing
videos/train/GWez3ag_Bp4.mp4,tango dancing
videos/train/hUdUPziLIVA.mp4,tango dancing
videos/train/9QPJPDBmpY4.mp4,tango dancing
videos/train/f220PkMbDnA.mp4,tango dancing
videos/train/y3r5i5B7NCU.mp4,tango dancing
videos/train/NJX48A8K2o0.mp4,tango dancing
videos/train/R0Np9Nm5i0I.mp4,tango dancing
videos/train/PFwJ0ycIv1c.mp4,tango dancing
videos/train/n3XXdo9IUBA.mp4,tango dancing
videos/train/_SyNF-jbc-4.mp4,tango dancing
videos/train/7Wfm0uA1eog.mp4,tango dancing
videos/train/yv3P4on_pco.mp4,tango dancing
videos/train/fD6gOUgTbhw.mp4,tango dancing
videos/train/3_-uFSyTu2E.mp4,tango dancing
videos/train/B8q4os7Au8M.mp4,tango dancing
videos/train/h3oJGdK7HgA.mp4,tango dancing
videos/train/PLiZbILDL8s.mp4,tango dancing
videos/train/8u9Q3PUVJLc.mp4,tango dancing
videos/train/XGXl01WfRd4.mp4,tango dancing
videos/train/-XWNL3WxzaI.mp4,tango dancing
videos/train/kgISFMRCFWM.mp4,tango dancing
videos/train/fZj-9Cium7Y.mp4,tango dancing
videos/train/HuDcY3Y_0vg.mp4,tango dancing
videos/train/qSobh72eEag.mp4,tango dancing
videos/train/g4TGPGTCgPY.mp4,tango dancing
videos/train/iiQrdMwNask.mp4,tango dancing
videos/train/mJTnbbhXEXI.mp4,tango dancing
videos/train/yIFBJVxrn8s.mp4,tango dancing
videos/train/iE09r9o8Ct0.mp4,tango dancing
videos/train/RjhWy9EU7-Y.mp4,tango dancing
videos/train/wepxqfmwBkY.mp4,tango dancing
videos/train/s_XqjN0cnIs.mp4,tango dancing
videos/train/Z4yRYlnuf7A.mp4,tango dancing
videos/train/jTxTfCXTZNY.mp4,tango dancing
videos/train/dwhsLJR5jlM.mp4,tango dancing
videos/train/hA0MPNIdQLY.mp4,tango dancing
videos/train/2sMyhOLvXfE.mp4,tango dancing
videos/train/BKb9C04aaqc.mp4,tango dancing
videos/train/myJ_a4VuRbs.mp4,tango dancing
videos/train/aylmU4a7lRM.mp4,tango dancing
videos/train/9INs2vIAyXk.mp4,tango dancing
videos/train/8mKYs_lxgFY.mp4,tango dancing
videos/train/FgxuvR45Pqc.mp4,tango dancing
videos/train/EFGf1WNdnA4.mp4,tango dancing
videos/train/EEHupJ8g_jI.mp4,tango dancing
videos/train/6GHXZks_Iig.mp4,tango dancing
videos/train/TlNfpUaeaZk.mp4,tango dancing
videos/train/XwaWMzdbksE.mp4,tango dancing
videos/train/dGdwLHrv0DU.mp4,tango dancing
videos/train/8u9Va_6Z5To.mp4,tango dancing
videos/train/k1EX5gE2iY0.mp4,tango dancing
videos/train/K9ExfgjJRp0.mp4,tango dancing
videos/train/79jbq3oNtIk.mp4,tango dancing
videos/train/aifo3KNNDSw.mp4,tango dancing
videos/train/4M0EsEM8T7o.mp4,tango dancing
videos/train/iTTdlJVi_08.mp4,tango dancing
videos/train/7MeJyqC2kz0.mp4,tango dancing
videos/train/lxp3vOGdhXM.mp4,tango dancing
videos/train/lPMu2KfWFPo.mp4,tango dancing
videos/train/WqG3RSH5CGs.mp4,tango dancing
videos/train/0pZHlHeChQI.mp4,tango dancing
videos/train/1AHHCqMbb50.mp4,tango dancing
videos/train/cuDO_gvtUdE.mp4,tango dancing
videos/train/mNlnEEQuzrE.mp4,tango dancing
videos/train/nUSvZn9bZB0.mp4,tango dancing
